col_name,nunique,nunique_ratio,H,M,L,ratio_H,ratio_M,ratio_L,dropMean,dropMedian,dropMax,dropMin,dtype,95%in10,type
sex,2,6.14231749639e-05,0,0,0,0.0,0.0,0.0,0.0,0.0,0.0,0.0,object,True,binary
earn,2,6.14231749639e-05,0,0,0,0.0,0.0,0.0,0.0,0.0,0.0,0.0,object,True,binary
education-num,16,0.000491385399711,0,0,5,0.0,0.0,1.0,0.0695,0.0555,0.1596,0.0,int64,False,categorical
workclass,9,0.000276404287338,0,0,0,0.0,0.0,0.0,0.0,0.0,0.0,0.0,object,True,categorical
education,16,0.000491385399711,0,0,0,0.0,0.0,0.0,0.0,0.0,0.0,0.0,object,False,categorical
marital-status,7,0.000214981112374,0,0,0,0.0,0.0,0.0,0.0,0.0,0.0,0.0,object,True,categorical
occupation,15,0.000460673812229,0,0,0,0.0,0.0,0.0,0.0,0.0,0.0,0.0,object,False,categorical
relationship,6,0.000184269524892,0,0,0,0.0,0.0,0.0,0.0,0.0,0.0,0.0,object,True,categorical
race,5,0.00015355793741,0,0,0,0.0,0.0,0.0,0.0,0.0,0.0,0.0,object,True,categorical
native-country,42,0.00128988667424,0,0,0,0.0,0.0,0.0,0.0,0.0,0.0,0.0,object,True,categorical
age,73,0.00224194588618,0,0,5,0.0,0.0,1.0,0.0686,0.0665,0.1123,0.0,int64,False,numerical
fnlwgt,21648,0.664844445809,0,0,5,0.0,0.0,1.0,0.0236,0.0132,0.0761,0.0,int64,False,numerical
capital-gain,119,0.00365467891035,0,0,5,0.0,0.0,1.0,0.0637,0.0725,0.118,0.0,int64,True,numerical
capital-loss,92,0.00282546604834,0,0,5,0.0,0.0,1.0,0.0407,0.0534,0.0677,0.0,int64,True,numerical
hours-per-week,94,0.0028868892233,0,0,5,0.0,0.0,1.0,0.0746,0.0756,0.1532,0.0,int64,False,numerical
S1,4,0.00015993602559,0,0,10,0.0,0.0,1.0,0.0057,0.0065,0.0103,0.0,int64,True,categorical
S2,4,0.00015993602559,0,0,10,0.0,0.0,1.0,0.0059,0.0047,0.0161,0.0,int64,True,categorical
S3,4,0.00015993602559,0,0,10,0.0,0.0,1.0,0.0054,0.0038,0.0145,-0.0018,int64,True,categorical
S4,4,0.00015993602559,0,0,10,0.0,0.0,1.0,0.0057,0.0044,0.0162,0.0,int64,True,categorical
S5,4,0.00015993602559,0,0,10,0.0,0.0,1.0,0.0062,0.0043,0.0228,-0.0022,int64,True,categorical
class,10,0.000399840063974,0,0,10,0.0,0.0,1.0,0.0021,0.0009,0.0068,-0.0007,int64,True,categorical
C1,13,0.000519792083167,0,0,10,0.0,0.0,1.0,0.0076,0.0045,0.0219,0.0,int64,False,numerical
C2,13,0.000519792083167,0,0,10,0.0,0.0,1.0,0.0076,0.0077,0.0229,-0.0031,int64,False,numerical
C3,13,0.000519792083167,0,0,10,0.0,0.0,1.0,0.0106,0.0091,0.026,0.0,int64,False,numerical
C4,13,0.000519792083167,0,0,10,0.0,0.0,1.0,0.0079,0.0083,0.0146,0.0,int64,False,numerical
C5,13,0.000519792083167,0,0,10,0.0,0.0,1.0,0.0055,0.0042,0.0142,0.0,int64,False,numerical
Severity,2,0.00240963855422,0,0,0,0.0,0.0,0.0,0.0,0.0,0.0,0.0,int64,True,binary
BIRADS,6,0.00722891566265,2,1,1,0.5,0.25,0.25,0.033,0.0433,0.0801,-0.004,int64,True,categorical
Shape,4,0.00481927710843,2,1,1,0.5,0.25,0.25,0.057,0.0468,0.1226,0.0,int64,True,categorical
Margin,5,0.00602409638554,2,1,1,0.5,0.25,0.25,0.3282,0.3611,0.7042,0.0,int64,True,categorical
Density,4,0.00481927710843,0,0,4,0.0,0.0,1.0,0.0423,0.0385,0.0953,0.0,int64,True,categorical
Age,72,0.0867469879518,0,3,1,0.0,0.75,0.25,0.2154,0.3256,0.365,0.0,int64,False,numerical
LeagueIndex,7,0.00209706411025,5,5,9,0.2632,0.2632,0.4737,0.2972,0.2487,0.624,0.0,int64,True,categorical
GameID,3338,1.0,0,0,19,0.0,0.0,1.0,0.0385,0.0392,0.0959,0.0,int64,False,numerical
Age,28,0.00838825644098,0,0,19,0.0,0.0,1.0,0.0719,0.0686,0.1796,0.0,int64,False,numerical
HoursPerWeek,32,0.00958657878969,0,1,18,0.0,0.0526,0.9474,0.1155,0.0885,0.4408,0.0,int64,False,numerical
TotalHours,237,0.0710005991612,0,5,14,0.0,0.2632,0.7368,0.2012,0.1596,0.4967,0.0,int64,False,numerical
UniqueHotkeys,11,0.00329538645896,0,6,13,0.0,0.3158,0.6842,0.1884,0.1661,0.3894,0.0,int64,True,numerical
TotalMapExplored,52,0.0155781905333,1,3,15,0.0526,0.1579,0.7895,0.2088,0.1961,0.576,-0.0033,int64,False,numerical
UniqueUnitsMade,12,0.00359496704614,2,2,15,0.1053,0.1053,0.7895,0.1654,0.125,0.5538,0.0,int64,True,numerical
APM,3317,0.993708807669,6,5,8,0.3158,0.2632,0.4211,0.3834,0.3371,0.8112,0.0,float64,False,numerical
SelectByHotkeys,3318,0.994008388256,5,4,10,0.2632,0.2105,0.5263,0.3113,0.2179,0.8112,0.0,float64,False,numerical
AssignToHotkeys,3304,0.989814260036,2,5,12,0.1053,0.2632,0.6316,0.2709,0.2305,0.6404,0.0,float64,False,numerical
MinimapAttacks,2418,0.724385859796,0,2,17,0.0,0.1053,0.8947,0.1613,0.1734,0.3371,0.0,float64,False,numerical
MinimapRightClicks,3248,0.973037747154,0,3,16,0.0,0.1579,0.8421,0.1696,0.1734,0.3446,0.0,float64,False,numerical
NumberOfPACs,3329,0.997303774715,4,6,9,0.2105,0.3158,0.4737,0.3305,0.3003,0.8602,0.0,float64,False,numerical
GapBetweenPACs,3301,0.988915518274,3,4,12,0.1579,0.2105,0.6316,0.269,0.2584,0.6487,0.0,float64,False,numerical
ActionLatency,3310,0.991611743559,5,5,9,0.2632,0.2632,0.4737,0.3531,0.279,0.8503,0.0,float64,False,numerical
ActionsInPAC,3170,0.949670461354,0,4,15,0.0,0.2105,0.7895,0.1546,0.1298,0.4672,-0.0043,float64,False,numerical
WorkersMade,3201,0.958957459557,0,6,13,0.0,0.3158,0.6842,0.2069,0.2022,0.4621,0.0,float64,False,numerical
ComplexUnitsMade,1097,0.328639904134,2,1,16,0.1053,0.0526,0.8421,0.1721,0.147,0.6562,0.0,float64,False,numerical
ComplexAbilitiesUsed,1802,0.539844218095,1,1,17,0.0526,0.0526,0.8947,0.1481,0.1053,0.6489,0.0,float64,False,numerical
Position,7,0.00652376514445,0,0,0,0.0,0.0,0.0,0.0,0.0,0.0,0.0,object,True,categorical
d3mIndex,1073,1.0,0,0,15,0.0,0.0,1.0,0.0005,0.0008,0.0182,-0.0201,int64,False,numerical
Number_seasons,17,0.0158434296365,7,3,5,0.4667,0.2,0.3333,0.42,0.4224,0.7571,0.0,int64,False,numerical
Games_played,836,0.779123951538,10,3,2,0.6667,0.2,0.1333,0.5812,0.6167,0.9603,-0.0019,int64,False,numerical
At_bats,1011,0.942218080149,10,3,2,0.6667,0.2,0.1333,0.5887,0.622,0.9809,-0.0093,int64,False,numerical
Runs,716,0.667287977633,12,1,2,0.8,0.0667,0.1333,0.5958,0.5989,0.9492,-0.007,int64,False,numerical
Hits,856,0.797763280522,12,1,2,0.8,0.0667,0.1333,0.604,0.6508,0.9774,0.0,int64,False,numerical
Doubles,391,0.36439888164,12,1,2,0.8,0.0667,0.1333,0.6061,0.6559,0.9503,-0.0068,int64,False,numerical
Triples,171,0.159366262815,8,3,4,0.5333,0.2,0.2667,0.4507,0.4947,0.787,0.0,int64,False,numerical
Home_runs,277,0.258154706431,9,4,2,0.6,0.2667,0.1333,0.4631,0.5271,0.8222,0.0,int64,False,numerical
RBIs,695,0.647716682199,13,0,2,0.8667,0.0,0.1333,0.601,0.6793,0.9131,0.0,int64,False,numerical
Walks,628,0.585274930103,12,1,2,0.8,0.0667,0.1333,0.5508,0.5925,0.8314,-0.0006,int64,False,numerical
Strikeouts,645,0.601118359739,4,7,4,0.2667,0.4667,0.2667,0.3502,0.4125,0.7575,0.0,float64,False,numerical
Batting_average,139,0.12954333644,8,3,4,0.5333,0.2,0.2667,0.4045,0.4808,0.6935,0.0,float64,False,numerical
On_base_pct,167,0.155638397018,7,4,4,0.4667,0.2667,0.2667,0.4012,0.4424,0.7173,0.0,float64,False,numerical
Slugging_pct,259,0.241379310345,8,4,3,0.5333,0.2667,0.2,0.4499,0.4839,0.8135,0.0,float64,False,numerical
Fielding_ave,117,0.109040074557,0,2,13,0.0,0.1333,0.8667,0.0993,0.0549,0.3103,-0.0059,float64,False,numerical
Player,1072,0.999068033551,0,0,0,0.0,0.0,0.0,0.0,0.0,0.0,0.0,object,False,string
cylinders,5,0.0170648464164,4,2,1,0.5714,0.2857,0.1429,0.3255,0.3658,0.6077,0.0,int64,True,categorical
model,13,0.0443686006826,0,3,4,0.0,0.4286,0.5714,0.2162,0.2524,0.3844,0.0,int64,False,categorical
origin,3,0.0102389078498,4,0,3,0.5714,0.0,0.4286,0.3097,0.3386,0.6136,0.0,int64,True,categorical
d3mIndex,293,1.0,0,0,7,0.0,0.0,1.0,0.0479,0.0496,0.0927,0.0,int64,False,numerical
displacement,75,0.255972696246,4,2,1,0.5714,0.2857,0.1429,0.5026,0.5053,0.9357,0.0,float64,False,numerical
horsepower,86,0.293515358362,5,1,1,0.7143,0.1429,0.1429,0.507,0.5573,0.8658,0.0,float64,False,numerical
weight,268,0.914675767918,4,1,2,0.5714,0.1429,0.2857,0.4844,0.4532,0.9366,0.0,float64,False,numerical
acceleration,89,0.303754266212,1,3,3,0.1429,0.4286,0.4286,0.2824,0.274,0.6118,0.0,float64,False,numerical
on_thyroxine,2,0.000662690523526,0,0,0,0,0,0,0,0,0,0,object,True,binary
query_on_thyroxine,2,0.000662690523526,0,0,0,0,0,0,0,0,0,0,object,True,binary
on_antithyroid_medication,2,0.000662690523526,0,0,0,0,0,0,0,0,0,0,object,True,binary
sick,2,0.000662690523526,0,0,0,0,0,0,0,0,0,0,object,True,binary
pregnant,2,0.000662690523526,0,0,0,0,0,0,0,0,0,0,object,True,binary
thyroid_surgery,2,0.000662690523526,0,0,0,0,0,0,0,0,0,0,object,True,binary
I131_treatment,2,0.000662690523526,0,0,0,0,0,0,0,0,0,0,object,True,binary
query_hypothyroid,2,0.000662690523526,0,0,0,0,0,0,0,0,0,0,object,True,binary
query_hyperthyroid,2,0.000662690523526,0,0,0,0,0,0,0,0,0,0,object,True,binary
lithium,2,0.000662690523526,0,0,0,0,0,0,0,0,0,0,object,True,binary
goitre,2,0.000662690523526,0,0,0,0,0,0,0,0,0,0,object,True,binary
tumor,2,0.000662690523526,0,0,0,0,0,0,0,0,0,0,object,True,binary
hypopituitary,2,0.000662690523526,0,0,0,0,0,0,0,0,0,0,object,True,binary
psych,2,0.000662690523526,0,0,0,0,0,0,0,0,0,0,object,True,binary
TSH_measured,2,0.000662690523526,0,0,0,0,0,0,0,0,0,0,object,True,binary
T3_measured,2,0.000662690523526,0,0,0,0,0,0,0,0,0,0,object,True,binary
TT4_measured,2,0.000662690523526,0,0,0,0,0,0,0,0,0,0,object,True,binary
T4U_measured,2,0.000662690523526,0,0,0,0,0,0,0,0,0,0,object,True,binary
FTI_measured,2,0.000662690523526,0,0,0,0,0,0,0,0,0,0,object,True,binary
TBG_measured,1,0.000331345261763,0,0,0,0,0,0,0,0,0,0,object,True,categorical
referral_source,5,0.00165672630881,0,0,0,0,0,0,0,0,0,0,object,True,categorical
d3mIndex,3018,1.0,0,0,0,0,0,0,0,0,0,0,int64,False,numerical
ID-type,4,0.00934579439252,0,52,49,0.0,0.5149,0.4851,0.1851,0.2059,0.343,-0.0113,int64,True,categorical
d3mIndex,428,1.0,0,0,101,0.0,0.0,1.0,0.0368,0.0379,0.0965,-0.0161,int64,False,numerical
Right-Ascension,421,0.983644859813,1,0,100,0.0099,0.0,0.9901,0.0393,0.0247,0.5831,-0.0236,float64,False,numerical
Declination,427,0.997663551402,1,1,99,0.0099,0.0099,0.9802,0.0679,0.0349,0.6142,-0.015,float64,False,numerical
Scale_Factor,339,0.792056074766,4,44,53,0.0396,0.4356,0.5248,0.2524,0.2635,0.9656,-0.0209,float64,False,numerical
Blue_base_1,382,0.892523364486,4,45,52,0.0396,0.4455,0.5149,0.2602,0.2554,0.9811,-0.0324,float64,False,numerical
Blue_base_2,389,0.908878504673,4,43,54,0.0396,0.4257,0.5347,0.2572,0.2569,0.9846,-0.0183,float64,False,numerical
Red_base_1,363,0.848130841121,4,39,58,0.0396,0.3861,0.5743,0.2418,0.2472,0.9773,-0.0147,float64,False,numerical
Red_base_2,356,0.831775700935,4,47,50,0.0396,0.4653,0.495,0.2639,0.2807,0.9815,-0.0101,float64,False,numerical
blue-band-flux_1,428,1.0,54,16,31,0.5347,0.1584,0.3069,0.4414,0.5012,0.9734,-0.017,float64,False,numerical
blue-band-flux_2,428,1.0,55,14,32,0.5446,0.1386,0.3168,0.442,0.5174,0.9776,-0.0155,float64,False,numerical
blue-band-flux_3,428,1.0,54,15,32,0.5347,0.1485,0.3168,0.444,0.5058,0.9818,-0.0058,float64,False,numerical
blue-band-flux_4,428,1.0,53,17,31,0.5248,0.1683,0.3069,0.4424,0.4991,0.9808,-0.013,float64,False,numerical
blue-band-flux_5,428,1.0,49,21,31,0.4851,0.2079,0.3069,0.4466,0.4785,0.9777,0.0,float64,False,numerical
blue-band-flux_6,428,1.0,41,30,30,0.4059,0.297,0.297,0.4548,0.451,0.9765,-0.0115,float64,False,numerical
blue-band-flux_7,428,1.0,43,27,31,0.4257,0.2673,0.3069,0.4703,0.3859,0.9785,-0.0181,float64,False,numerical
blue-band-flux_8,428,1.0,46,25,30,0.4554,0.2475,0.297,0.4875,0.4011,0.939,-0.0161,float64,False,numerical
blue-band-flux_9,428,1.0,65,10,26,0.6436,0.099,0.2574,0.5016,0.6026,0.9104,-0.0002,float64,False,numerical
blue-band-flux_10,428,1.0,65,11,25,0.6436,0.1089,0.2475,0.5087,0.5865,0.8897,-0.0017,float64,False,numerical
blue-band-flux_11,428,1.0,42,38,21,0.4158,0.3762,0.2079,0.4706,0.4301,0.9104,-0.0081,float64,False,numerical
blue-band-flux_12,428,1.0,42,13,46,0.4158,0.1287,0.4554,0.4329,0.3121,0.9363,0.0,float64,False,numerical
blue-band-flux_13,428,1.0,42,12,47,0.4158,0.1188,0.4653,0.4044,0.3346,0.9593,0.0,float64,False,numerical
blue-band-flux_14,428,1.0,40,14,47,0.396,0.1386,0.4653,0.3864,0.3478,0.9594,-0.0016,float64,False,numerical
blue-band-flux_15,428,1.0,37,17,47,0.3663,0.1683,0.4653,0.3743,0.3563,0.9656,0.0,float64,False,numerical
blue-band-flux_16,427,0.997663551402,33,20,48,0.3267,0.198,0.4752,0.3607,0.3309,0.9664,-0.0035,float64,False,numerical
blue-band-flux_17,428,1.0,31,21,49,0.3069,0.2079,0.4851,0.3525,0.3335,0.9634,-0.0027,float64,False,numerical
blue-band-flux_18,428,1.0,34,19,48,0.3366,0.1881,0.4752,0.3392,0.3271,0.9724,-0.0128,float64,False,numerical
blue-band-flux_19,428,1.0,32,20,49,0.3168,0.198,0.4851,0.3356,0.3244,0.9767,-0.0181,float64,False,numerical
blue-band-flux_20,428,1.0,31,20,50,0.3069,0.198,0.495,0.3333,0.2965,0.9734,-0.0087,float64,False,numerical
blue-band-flux_21,428,1.0,31,20,50,0.3069,0.198,0.495,0.3346,0.304,0.9741,-0.0045,float64,False,numerical
blue-band-flux_22,428,1.0,28,21,52,0.2772,0.2079,0.5149,0.3273,0.2753,0.9665,-0.0129,float64,False,numerical
blue-band-flux_23,428,1.0,26,22,53,0.2574,0.2178,0.5248,0.3155,0.2347,0.9638,-0.023,float64,False,numerical
blue-band-flux_24,428,1.0,26,23,52,0.2574,0.2277,0.5149,0.3069,0.2095,0.9569,-0.014,float64,False,numerical
blue-band-flux_25,428,1.0,26,21,54,0.2574,0.2079,0.5347,0.2921,0.2051,0.9532,-0.0131,float64,False,numerical
blue-band-flux_26,428,1.0,25,18,58,0.2475,0.1782,0.5743,0.2756,0.1971,0.9415,-0.0051,float64,False,numerical
blue-band-flux_27,428,1.0,23,9,69,0.2277,0.0891,0.6832,0.2593,0.1306,0.9101,-0.0112,float64,False,numerical
blue-band-flux_28,428,1.0,19,12,70,0.1881,0.1188,0.6931,0.238,0.0966,0.8977,-0.0009,float64,False,numerical
blue-band-flux_29,428,1.0,15,13,73,0.1485,0.1287,0.7228,0.2251,0.1179,0.8857,-0.025,float64,False,numerical
blue-band-flux_30,428,1.0,13,14,74,0.1287,0.1386,0.7327,0.2383,0.1638,0.8727,-0.0605,float64,False,numerical
blue-band-flux_31,428,1.0,13,28,60,0.1287,0.2772,0.5941,0.2834,0.2161,0.8654,-0.0004,float64,False,numerical
blue-band-flux_32,428,1.0,30,13,58,0.297,0.1287,0.5743,0.3296,0.2504,0.8642,-0.004,float64,False,numerical
blue-band-flux_33,428,1.0,30,17,54,0.297,0.1683,0.5347,0.3553,0.2788,0.8742,-0.008,float64,False,numerical
blue-band-flux_34,428,1.0,32,13,56,0.3168,0.1287,0.5545,0.3664,0.2695,0.8774,-0.0079,float64,False,numerical
blue-band-flux_35,428,1.0,33,29,39,0.3267,0.2871,0.3861,0.4052,0.3097,0.9056,-0.0037,float64,False,numerical
blue-band-flux_36,428,1.0,34,41,26,0.3366,0.4059,0.2574,0.4197,0.3275,0.9132,-0.0161,float64,False,numerical
blue-band-flux_37,428,1.0,36,42,23,0.3564,0.4158,0.2277,0.442,0.3603,0.9111,-0.0162,float64,False,numerical
blue-band-flux_38,428,1.0,39,41,21,0.3861,0.4059,0.2079,0.4464,0.3785,0.9171,-0.026,float64,False,numerical
blue-band-flux_39,428,1.0,39,41,21,0.3861,0.4059,0.2079,0.4485,0.3797,0.9172,-0.0079,float64,False,numerical
blue-band-flux_40,428,1.0,31,49,21,0.3069,0.4851,0.2079,0.4368,0.363,0.9174,0.0,float64,False,numerical
blue-band-flux_41,428,1.0,30,48,23,0.297,0.4752,0.2277,0.4129,0.3448,0.9228,-0.0154,float64,False,numerical
blue-band-flux_42,428,1.0,30,45,26,0.297,0.4455,0.2574,0.409,0.3385,0.9124,-0.0136,float64,False,numerical
blue-band-flux_43,428,1.0,32,38,31,0.3168,0.3762,0.3069,0.4092,0.3315,0.9167,-0.0216,float64,False,numerical
blue-band-flux_44,428,1.0,32,48,21,0.3168,0.4752,0.2079,0.4193,0.3439,0.8974,-0.0314,float64,False,numerical
red-band-flux_1,428,1.0,26,24,51,0.2574,0.2376,0.505,0.3135,0.2862,0.9476,-0.0073,float64,False,numerical
red-band-flux_2,428,1.0,26,22,53,0.2574,0.2178,0.5248,0.314,0.2394,0.945,-0.0115,float64,False,numerical
red-band-flux_3,428,1.0,24,20,57,0.2376,0.198,0.5644,0.2762,0.1965,0.9434,-0.0124,float64,False,numerical
red-band-flux_4,428,1.0,16,12,73,0.1584,0.1188,0.7228,0.2068,0.0829,0.8877,-0.0057,float64,False,numerical
red-band-flux_5,428,1.0,24,18,59,0.2376,0.1782,0.5842,0.3122,0.2262,0.8731,-0.0021,float64,False,numerical
red-band-flux_6,428,1.0,35,41,25,0.3465,0.4059,0.2475,0.4245,0.3426,0.9051,-0.0094,float64,False,numerical
red-band-flux_7,428,1.0,37,42,22,0.3663,0.4158,0.2178,0.4527,0.3613,0.9404,-0.0129,float64,False,numerical
red-band-flux_8,428,1.0,39,41,21,0.3861,0.4059,0.2079,0.4682,0.3969,0.9287,-0.0068,float64,False,numerical
red-band-flux_9,428,1.0,41,39,21,0.4059,0.3861,0.2079,0.4839,0.437,0.9576,-0.0049,float64,False,numerical
red-band-flux_10,428,1.0,59,21,21,0.5842,0.2079,0.2079,0.5097,0.4994,0.9412,0.0,float64,False,numerical
red-band-flux_11,428,1.0,68,14,19,0.6733,0.1386,0.1881,0.5258,0.5436,0.9448,0.0,float64,False,numerical
red-band-flux_12,428,1.0,69,12,20,0.6832,0.1188,0.198,0.5351,0.5775,0.9531,0.0,float64,False,numerical
red-band-flux_13,428,1.0,68,12,21,0.6733,0.1188,0.2079,0.5465,0.6176,0.9447,0.0,float64,False,numerical
red-band-flux_14,428,1.0,67,15,19,0.6634,0.1485,0.1881,0.555,0.6476,0.9397,0.0,float64,False,numerical
red-band-flux_15,428,1.0,65,23,13,0.6436,0.2277,0.1287,0.5659,0.6767,0.9277,0.0,float64,False,numerical
red-band-flux_16,428,1.0,62,20,19,0.6139,0.198,0.1881,0.5646,0.5968,0.9236,0.0,float64,False,numerical
red-band-flux_17,428,1.0,65,16,20,0.6436,0.1584,0.198,0.5617,0.5503,0.9267,0.0,float64,False,numerical
red-band-flux_18,428,1.0,57,22,22,0.5644,0.2178,0.2178,0.555,0.5662,0.9502,0.0,float64,False,numerical
red-band-flux_19,428,1.0,52,24,25,0.5149,0.2376,0.2475,0.5419,0.5049,0.9621,0.0,float64,False,numerical
red-band-flux_20,428,1.0,50,24,27,0.495,0.2376,0.2673,0.5316,0.4797,0.9731,-0.0094,float64,False,numerical
red-band-flux_21,428,1.0,49,24,28,0.4851,0.2376,0.2772,0.526,0.4506,0.9733,-0.0144,float64,False,numerical
red-band-flux_22,428,1.0,49,21,31,0.4851,0.2079,0.3069,0.5189,0.4251,0.9723,-0.0305,float64,False,numerical
red-band-flux_23,428,1.0,49,21,31,0.4851,0.2079,0.3069,0.5105,0.4066,0.9709,-0.0446,float64,False,numerical
red-band-flux_24,428,1.0,48,21,32,0.4752,0.2079,0.3168,0.5076,0.4027,0.9767,-0.0291,float64,False,numerical
red-band-flux_25,428,1.0,48,20,33,0.4752,0.198,0.3267,0.5039,0.3863,0.977,-0.0279,float64,False,numerical
red-band-flux_26,428,1.0,48,21,32,0.4752,0.2079,0.3168,0.5039,0.3994,0.981,-0.0443,float64,False,numerical
red-band-flux_27,428,1.0,48,19,34,0.4752,0.1881,0.3366,0.5018,0.3911,0.9797,-0.0288,float64,False,numerical
red-band-flux_28,428,1.0,48,19,34,0.4752,0.1881,0.3366,0.503,0.4002,0.9718,-0.0311,float64,False,numerical
red-band-flux_29,428,1.0,48,18,35,0.4752,0.1782,0.3465,0.4962,0.386,0.9738,-0.0318,float64,False,numerical
red-band-flux_30,428,1.0,48,20,33,0.4752,0.198,0.3267,0.5016,0.3931,0.9731,-0.0263,float64,False,numerical
red-band-flux_31,428,1.0,49,20,32,0.4851,0.198,0.3168,0.5042,0.4088,0.9705,-0.0342,float64,False,numerical
red-band-flux_32,428,1.0,48,19,34,0.4752,0.1881,0.3366,0.4967,0.3814,0.9732,-0.0422,float64,False,numerical
red-band-flux_33,428,1.0,49,20,32,0.4851,0.198,0.3168,0.4992,0.4056,0.9684,-0.0461,float64,False,numerical
red-band-flux_34,428,1.0,49,20,32,0.4851,0.198,0.3168,0.501,0.4074,0.9654,-0.0448,float64,False,numerical
red-band-flux_35,428,1.0,49,21,31,0.4851,0.2079,0.3069,0.5084,0.4085,0.9703,-0.0291,float64,False,numerical
red-band-flux_36,428,1.0,49,21,31,0.4851,0.2079,0.3069,0.5138,0.4373,0.9595,-0.0236,float64,False,numerical
red-band-flux_37,428,1.0,49,21,31,0.4851,0.2079,0.3069,0.5062,0.3882,0.963,-0.0277,float64,False,numerical
red-band-flux_38,428,1.0,48,22,31,0.4752,0.2178,0.3069,0.5045,0.406,0.9563,-0.0279,float64,False,numerical
red-band-flux_39,428,1.0,48,19,34,0.4752,0.1881,0.3366,0.5004,0.4109,0.9517,-0.0125,float64,False,numerical
red-band-flux_40,428,1.0,49,21,31,0.4851,0.2079,0.3069,0.5114,0.416,0.9581,-0.0201,float64,False,numerical
red-band-flux_41,428,1.0,48,20,33,0.4752,0.198,0.3267,0.5031,0.3906,0.9608,-0.03,float64,False,numerical
red-band-flux_42,428,1.0,49,21,31,0.4851,0.2079,0.3069,0.5104,0.4154,0.9556,-0.0181,float64,False,numerical
red-band-flux_43,428,1.0,49,19,33,0.4851,0.1881,0.3267,0.5074,0.4154,0.9503,-0.0037,float64,False,numerical
red-band-flux_44,428,1.0,49,21,31,0.4851,0.2079,0.3069,0.513,0.423,0.9543,-0.0122,float64,False,numerical
red-band-flux_45,428,1.0,49,21,31,0.4851,0.2079,0.3069,0.5046,0.416,0.9391,-0.0027,float64,False,numerical
red-band-flux_46,428,1.0,49,18,34,0.4851,0.1782,0.3366,0.5047,0.4074,0.9482,-0.0076,float64,False,numerical
red-band-flux_47,428,1.0,49,20,32,0.4851,0.198,0.3168,0.5046,0.4194,0.9359,-0.0085,float64,False,numerical
red-band-flux_48,428,1.0,49,23,29,0.4851,0.2277,0.2871,0.5093,0.4301,0.9367,-0.0088,float64,False,numerical
red-band-flux_49,428,1.0,49,22,30,0.4851,0.2178,0.297,0.5054,0.4245,0.9355,0.0,float64,False,numerical
LRS-name,428,1.0,0,0,0,0.0,0.0,0.0,0.0,0.0,0.0,0.0,object,False,string
Genotype,2,0.0045045045045,0,0,0,0.0,0.0,0.0,0.0,0.0,0.0,0.0,object,True,binary
Treatment,2,0.0045045045045,0,0,0,0.0,0.0,0.0,0.0,0.0,0.0,0.0,object,True,binary
Behavior,2,0.0045045045045,0,0,0,0.0,0.0,0.0,0.0,0.0,0.0,0.0,object,True,binary
d3mIndex,444,1.0,0,0,77,0.0,0.0,1.0,0.0288,0.0275,0.0971,-0.0139,int64,False,numerical
DYRK1A_N,444,1.0,13,19,45,0.1688,0.2468,0.5844,0.2645,0.222,0.9275,-0.0213,float64,False,numerical
ITSN1_N,444,1.0,17,21,39,0.2208,0.2727,0.5065,0.2973,0.2952,0.9288,-0.0092,float64,False,numerical
BDNF_N,444,1.0,32,18,27,0.4156,0.2338,0.3506,0.4094,0.4152,0.8373,0.0,float64,False,numerical
NR1_N,444,1.0,26,25,26,0.3377,0.3247,0.3377,0.4027,0.3904,0.9165,0.0,float64,False,numerical
NR2A_N,444,1.0,23,26,28,0.2987,0.3377,0.3636,0.3808,0.3647,0.894,-0.0012,float64,False,numerical
pAKT_N,444,1.0,19,23,35,0.2468,0.2987,0.4545,0.3387,0.3248,0.8777,0.0,float64,False,numerical
pBRAF_N,444,1.0,18,24,35,0.2338,0.3117,0.4545,0.3267,0.3095,0.8708,-0.0091,float64,False,numerical
pCAMKII_N,444,1.0,11,28,38,0.1429,0.3636,0.4935,0.2919,0.2947,0.682,0.0,float64,False,numerical
pCREB_N,444,1.0,28,26,23,0.3636,0.3377,0.2987,0.3904,0.3744,0.8037,-0.0021,float64,False,numerical
pELK_N,444,1.0,7,22,48,0.0909,0.2857,0.6234,0.2441,0.2264,0.7023,-0.0118,float64,False,numerical
pERK_N,444,1.0,15,14,48,0.1948,0.1818,0.6234,0.2722,0.2069,0.9138,-0.0169,float64,False,numerical
pJNK_N,444,1.0,29,15,33,0.3766,0.1948,0.4286,0.3794,0.3946,0.8871,0.0,float64,False,numerical
PKCA_N,444,1.0,24,25,28,0.3117,0.3247,0.3636,0.3648,0.3999,0.857,0.0,float64,False,numerical
pMEK_N,444,1.0,28,17,32,0.3636,0.2208,0.4156,0.3813,0.37,0.8971,-0.0022,float64,False,numerical
pNR1_N,444,1.0,24,22,31,0.3117,0.2857,0.4026,0.3763,0.371,0.928,0.0,float64,False,numerical
pNR2A_N,444,1.0,22,20,35,0.2857,0.2597,0.4545,0.321,0.3135,0.7381,-0.0032,float64,False,numerical
pNR2B_N,444,1.0,23,27,27,0.2987,0.3506,0.3506,0.3821,0.3775,0.8972,-0.0069,float64,False,numerical
pPKCAB_N,444,1.0,16,23,38,0.2078,0.2987,0.4935,0.2958,0.2973,0.8261,-0.0095,float64,False,numerical
pRSK_N,444,1.0,15,17,45,0.1948,0.2208,0.5844,0.2826,0.2539,0.7022,-0.0003,float64,False,numerical
AKT_N,444,1.0,25,17,35,0.3247,0.2208,0.4545,0.3397,0.3311,0.7395,-0.0297,float64,False,numerical
BRAF_N,444,1.0,9,16,52,0.1169,0.2078,0.6753,0.2532,0.2126,0.8836,-0.0213,float64,False,numerical
CAMKII_N,444,1.0,24,19,34,0.3117,0.2468,0.4416,0.3386,0.3347,0.8386,-0.0116,float64,False,numerical
CREB_N,444,1.0,16,21,40,0.2078,0.2727,0.5195,0.3163,0.2821,0.8617,-0.0024,float64,False,numerical
ELK_N,444,1.0,20,27,30,0.2597,0.3506,0.3896,0.3706,0.3621,0.8445,0.0,float64,False,numerical
ERK_N,444,1.0,26,21,30,0.3377,0.2727,0.3896,0.3776,0.3437,0.8556,-0.0047,float64,False,numerical
GSK3B_N,444,1.0,28,13,36,0.3636,0.1688,0.4675,0.3492,0.3395,0.8162,-0.0009,float64,False,numerical
JNK_N,444,1.0,25,19,33,0.3247,0.2468,0.4286,0.3707,0.368,0.8341,-0.0267,float64,False,numerical
MEK_N,444,1.0,30,22,25,0.3896,0.2857,0.3247,0.4037,0.4122,0.8359,-0.0006,float64,False,numerical
TRKA_N,444,1.0,33,19,25,0.4286,0.2468,0.3247,0.4237,0.4253,0.8759,0.0,float64,False,numerical
RSK_N,443,0.997747747748,16,18,43,0.2078,0.2338,0.5584,0.309,0.267,0.873,-0.0237,float64,False,numerical
APP_N,444,1.0,18,29,30,0.2338,0.3766,0.3896,0.329,0.3312,0.7407,-0.0262,float64,False,numerical
Bcatenin_N,444,1.0,27,24,26,0.3506,0.3117,0.3377,0.4016,0.3764,0.9232,0.0,float64,False,numerical
SOD1_N,444,1.0,17,23,37,0.2208,0.2987,0.4805,0.3104,0.3062,0.7147,0.0,float64,False,numerical
MTOR_N,444,1.0,10,26,41,0.1299,0.3377,0.5325,0.2932,0.2581,0.8617,0.0,float64,False,numerical
P38_N,444,1.0,13,24,40,0.1688,0.3117,0.5195,0.278,0.2672,0.7769,-0.0114,float64,False,numerical
pMTOR_N,444,1.0,26,19,32,0.3377,0.2468,0.4156,0.3533,0.337,0.7987,-0.0062,float64,False,numerical
DSCR1_N,444,1.0,15,17,45,0.1948,0.2208,0.5844,0.2722,0.234,0.747,-0.0022,float64,False,numerical
AMPKA_N,444,1.0,21,18,38,0.2727,0.2338,0.4935,0.3254,0.2886,0.8036,-0.0209,float64,False,numerical
NR2B_N,444,1.0,27,16,34,0.3506,0.2078,0.4416,0.337,0.3371,0.85,-0.0158,float64,False,numerical
pNUMB_N,444,1.0,16,27,34,0.2078,0.3506,0.4416,0.3109,0.3109,0.6672,-0.012,float64,False,numerical
RAPTOR_N,444,1.0,14,21,42,0.1818,0.2727,0.5455,0.2883,0.274,0.7945,-0.0038,float64,False,numerical
TIAM1_N,443,0.997747747748,13,25,39,0.1688,0.3247,0.5065,0.3005,0.2897,0.7718,-0.0142,float64,False,numerical
pP70S6_N,443,0.997747747748,2,14,61,0.026,0.1818,0.7922,0.1778,0.1566,0.5511,-0.0164,float64,False,numerical
NUMB_N,444,1.0,14,27,36,0.1818,0.3506,0.4675,0.3071,0.3037,0.7108,-0.0157,float64,False,numerical
P70S6_N,444,1.0,9,24,44,0.1169,0.3117,0.5714,0.2533,0.2532,0.6336,-0.005,float64,False,numerical
pGSK3B_N,444,1.0,12,22,43,0.1558,0.2857,0.5584,0.2737,0.2664,0.7068,-0.0197,float64,False,numerical
pPKCG_N,444,1.0,7,10,60,0.0909,0.1299,0.7792,0.2133,0.182,0.6284,0.0,float64,False,numerical
CDK5_N,444,1.0,15,27,35,0.1948,0.3506,0.4545,0.2973,0.3022,0.6611,-0.0139,float64,False,numerical
S6_N,444,1.0,9,24,44,0.1169,0.3117,0.5714,0.2511,0.2523,0.6376,-0.0004,float64,False,numerical
ADARB1_N,444,1.0,12,26,39,0.1558,0.3377,0.5065,0.3019,0.2939,0.6955,-0.0281,float64,False,numerical
AcetylH3K9_N,444,1.0,4,8,65,0.0519,0.1039,0.8442,0.155,0.0991,0.7302,-0.0105,float64,False,numerical
RRP1_N,444,1.0,2,14,61,0.026,0.1818,0.7922,0.1475,0.0993,0.7468,-0.0042,float64,False,numerical
BAX_N,444,1.0,12,20,45,0.1558,0.2597,0.5844,0.2675,0.2565,0.6694,-0.0035,float64,False,numerical
ARC_N,444,1.0,15,26,36,0.1948,0.3377,0.4675,0.3162,0.3146,0.9928,-0.0379,float64,False,numerical
ERBB4_N,444,1.0,11,26,40,0.1429,0.3377,0.5195,0.2806,0.2774,0.6944,-0.0087,float64,False,numerical
nNOS_N,444,1.0,7,22,48,0.0909,0.2857,0.6234,0.2433,0.2175,0.664,-0.0192,float64,False,numerical
Tau_N,444,1.0,2,13,62,0.026,0.1688,0.8052,0.1623,0.1216,0.6671,-0.0034,float64,False,numerical
GFAP_N,444,1.0,2,9,66,0.026,0.1169,0.8571,0.158,0.1082,0.7454,-0.0169,float64,False,numerical
GluR3_N,444,1.0,1,10,66,0.013,0.1299,0.8571,0.1424,0.1166,0.6644,-0.0153,float64,False,numerical
GluR4_N,444,1.0,4,20,53,0.0519,0.2597,0.6883,0.1997,0.1879,0.6484,-0.0139,float64,False,numerical
IL1B_N,444,1.0,10,20,47,0.1299,0.2597,0.6104,0.2469,0.2256,0.6288,-0.0161,float64,False,numerical
P3525_N,444,1.0,1,24,52,0.013,0.3117,0.6753,0.2108,0.1996,0.535,-0.0035,float64,False,numerical
pCASP9_N,444,1.0,5,16,56,0.0649,0.2078,0.7273,0.1973,0.1697,0.586,-0.0042,float64,False,numerical
PSD95_N,444,1.0,14,22,41,0.1818,0.2857,0.5325,0.2658,0.2604,0.6485,-0.0153,float64,False,numerical
SNCA_N,444,1.0,15,13,49,0.1948,0.1688,0.6364,0.2685,0.2268,0.6679,0.0,float64,False,numerical
Ubiquitin_N,444,1.0,15,27,35,0.1948,0.3506,0.4545,0.321,0.3022,0.7048,0.0,float64,False,numerical
pGSK3B_Tyr216_N,444,1.0,5,16,56,0.0649,0.2078,0.7273,0.2125,0.1838,0.5938,0.0,float64,False,numerical
SHH_N,444,1.0,1,12,64,0.013,0.1558,0.8312,0.1554,0.1332,0.5016,-0.0067,float64,False,numerical
BAD_N,444,1.0,6,21,50,0.0779,0.2727,0.6494,0.227,0.2117,0.765,-0.018,float64,False,numerical
BCL2_N,444,1.0,6,21,50,0.0779,0.2727,0.6494,0.2382,0.2322,0.8364,-0.0146,float64,False,numerical
pS6_N,444,1.0,15,26,36,0.1948,0.3377,0.4675,0.3162,0.3146,0.9928,-0.0379,float64,False,numerical
pCFOS_N,444,1.0,7,22,48,0.0909,0.2857,0.6234,0.2276,0.2454,0.6912,0.0,float64,False,numerical
SYP_N,443,0.997747747748,20,25,32,0.2597,0.3247,0.4156,0.317,0.3312,0.682,-0.0083,float64,False,numerical
H3AcK18_N,444,1.0,5,11,61,0.0649,0.1429,0.7922,0.2047,0.167,0.7776,0.0,float64,False,numerical
EGR1_N,444,1.0,13,21,43,0.1688,0.2727,0.5584,0.2809,0.2447,0.8419,-0.0077,float64,False,numerical
H3MeK4_N,444,1.0,4,26,47,0.0519,0.3377,0.6104,0.2482,0.2136,0.7809,0.0,float64,False,numerical
CaNA_N,444,1.0,15,20,42,0.1948,0.2597,0.5455,0.2846,0.2477,0.7161,-0.0058,float64,False,numerical
MouseID,444,1.0,0,0,0,0.0,0.0,0.0,0.0,0.0,0.0,0.0,object,False,string
red,2,0.0103092783505,0,0,0,0,0,0,0,0,0,0,int64,True,binary
green,2,0.0103092783505,0,0,0,0,0,0,0,0,0,0,int64,True,binary
blue,2,0.0103092783505,0,0,0,0,0,0,0,0,0,0,int64,True,binary
gold,2,0.0103092783505,0,0,0,0,0,0,0,0,0,0,int64,True,binary
white,2,0.0103092783505,0,0,0,0,0,0,0,0,0,0,int64,True,binary
black,2,0.0103092783505,0,0,0,0,0,0,0,0,0,0,int64,True,binary
orange,2,0.0103092783505,0,0,0,0,0,0,0,0,0,0,int64,True,binary
saltires,2,0.0103092783505,0,0,0,0,0,0,0,0,0,0,int64,True,binary
crecent,2,0.0103092783505,0,0,0,0,0,0,0,0,0,0,int64,True,binary
triangle,2,0.0103092783505,0,0,0,0,0,0,0,0,0,0,int64,True,binary
icon,2,0.0103092783505,0,0,0,0,0,0,0,0,0,0,int64,True,binary
animate,2,0.0103092783505,0,0,0,0,0,0,0,0,0,0,int64,True,binary
text,2,0.0103092783505,0,0,0,0,0,0,0,0,0,0,int64,True,binary
landmass,6,0.0309278350515,1,2,9,0.0833,0.1667,0.75,0.1427,0.0376,0.4873,-0.0185,int64,True,categorical
zone,4,0.020618556701,2,1,9,0.1667,0.0833,0.75,0.108,0.054,0.3824,-0.0237,int64,True,categorical
language,10,0.0515463917526,1,3,8,0.0833,0.25,0.6667,0.1791,0.0945,0.5482,-0.0587,int64,True,categorical
religion,8,0.0412371134021,0,3,9,0.0,0.25,0.75,0.1434,0.1065,0.39,-0.002,int64,True,categorical
mainhue,8,0.0412371134021,0,0,0,0,0,0,0,0,0,0,object,True,categorical
topleft,7,0.0360824742268,0,0,0,0,0,0,0,0,0,0,object,True,categorical
botright,8,0.0412371134021,0,0,0,0,0,0,0,0,0,0,object,True,categorical
area,136,0.701030927835,1,1,10,0.0833,0.0833,0.8333,0.1654,0.1365,0.6695,0.0,int64,False,numerical
population,48,0.247422680412,1,0,11,0.0833,0.0,0.9167,0.1697,0.1243,0.7681,0.0,int64,False,numerical
bars,5,0.0257731958763,0,1,11,0.0,0.0833,0.9167,0.0737,0.0677,0.1732,-0.0106,int64,True,numerical
stripes,12,0.0618556701031,0,1,11,0.0,0.0833,0.9167,0.0802,0.0829,0.2228,-0.0187,int64,True,numerical
colours,8,0.0412371134021,0,0,12,0.0,0.0,1.0,0.1057,0.0878,0.2582,-0.0079,int64,True,numerical
circles,4,0.020618556701,0,0,12,0.0,0.0,1.0,0.0198,0.003,0.0678,-0.0,int64,True,numerical
crosses,3,0.0154639175258,1,0,11,0.0833,0.0,0.9167,0.0501,0.0481,0.1503,0.0,int64,True,numerical
quarters,3,0.0154639175258,1,0,11,0.0833,0.0,0.9167,0.0158,0.0109,0.0428,0.0,int64,True,numerical
sunstars,14,0.0721649484536,0,0,12,0.0,0.0,1.0,0.0479,0.0116,0.2151,-0.0205,int64,True,numerical
name,194,1.0,0,0,0,0,0,0,0,0,0,0,object,False,string
buying,4,0.00231481481481,0,0,6,0.0,0.0,1.0,0.0169,0.0,0.1181,0.0,int64,True,categorical
maint,4,0.00231481481481,0,0,6,0.0,0.0,1.0,0.0104,0.0,0.0725,0.0,int64,True,categorical
doors,4,0.00231481481481,0,0,6,0.0,0.0,1.0,0.0042,0.0,0.0295,0.0,int64,True,categorical
persons,3,0.00173611111111,0,1,5,0.0,0.1667,0.8333,0.0538,0.0,0.3767,0.0,int64,True,categorical
lug_boot,3,0.00173611111111,0,0,6,0.0,0.0,1.0,0.0137,0.0,0.0959,0.0,int64,True,categorical
safety,3,0.00173611111111,0,1,5,0.0,0.1667,0.8333,0.0463,0.0,0.3243,0.0,int64,True,categorical
class,4,0.00231481481481,0,2,4,0.0,0.3333,0.6667,0.1494,0.1769,0.2948,0.0,int64,True,categorical
A1,2,0.00289855072464,0,0,0,0,0,0,0,0,0,0,int64,True,binary
A8,2,0.00289855072464,0,0,0,0,0,0,0,0,0,0,int64,True,binary
A9,2,0.00289855072464,0,0,0,0,0,0,0,0,0,0,int64,True,binary
A11,2,0.00289855072464,0,0,0,0,0,0,0,0,0,0,int64,True,binary
A15,2,0.00289855072464,0,0,0,0,0,0,0,0,0,0,int64,True,binary
A4,3,0.00434782608696,0,0,9,0.0,0.0,1.0,0.0009,0.0,0.0052,0.0,int64,True,categorical
A5,14,0.0202898550725,0,1,8,0.0,0.1111,0.8889,0.11,0.0519,0.3225,0.0,int64,False,categorical
A6,8,0.0115942028986,0,2,7,0.0,0.2222,0.7778,0.0947,0.0476,0.3246,0.0,int64,True,categorical
A12,3,0.00434782608696,0,0,9,0.0,0.0,1.0,0.0006,0.0,0.0064,0.0,int64,True,categorical
A10,23,0.0333333333333,0,2,7,0.0,0.2222,0.7778,0.1783,0.1689,0.4186,0.0,int64,False,numerical
A13,171,0.247826086957,0,0,9,0.0,0.0,1.0,0.0578,0.0455,0.2663,-0.026,int64,False,numerical
A14,240,0.347826086957,0,1,8,0.0,0.1111,0.8889,0.1159,0.0789,0.4266,0.0,int64,False,numerical
A2,350,0.507246376812,0,0,9,0.0,0.0,1.0,0.0695,0.0578,0.2454,-0.0048,float64,False,numerical
A3,215,0.311594202899,0,0,9,0.0,0.0,1.0,0.1238,0.0983,0.2703,0.0,float64,False,numerical
A7,132,0.191304347826,0,2,7,0.0,0.2222,0.7778,0.1536,0.1488,0.305,0.0,float64,False,numerical
sex,3,0.000718218817333,0,8,0,0.0,1.0,0.0,0.3884,0.4322,0.467,0.0,int64,True,categorical
rings,28,0.00670337562844,7,1,0,0.875,0.125,0.0,0.4467,0.5099,0.5734,0.0,int64,False,numerical
length,134,0.0320804405075,7,1,0,0.875,0.125,0.0,0.7475,0.9464,0.9825,0.0,float64,False,numerical
diameter,111,0.0265740962413,7,1,0,0.875,0.125,0.0,0.7472,0.9431,0.9788,0.0,float64,False,numerical
height,51,0.0122097198947,7,1,0,0.875,0.125,0.0,0.717,0.8816,0.9136,0.0,float64,False,numerical
whole,2429,0.581517835767,7,1,0,0.875,0.125,0.0,0.7592,0.9579,0.9686,0.0,float64,False,numerical
shucked,1515,0.362700502753,7,1,0,0.875,0.125,0.0,0.73,0.9111,0.9698,0.0,float64,False,numerical
viscera,880,0.210677519751,7,1,0,0.875,0.125,0.0,0.7441,0.9312,0.9752,0.0,float64,False,numerical
shell,926,0.221690208283,7,1,0,0.875,0.125,0.0,0.7467,0.9107,0.9563,0.0,float64,False,numerical
religion,2,0.00135777325187,0,0,0,0.0,0.0,0.0,0.0,0.0,0.0,0.0,int64,True,binary
isworking,2,0.00135777325187,0,0,0,0.0,0.0,0.0,0.0,0.0,0.0,0.0,int64,True,binary
media,2,0.00135777325187,0,0,0,0.0,0.0,0.0,0.0,0.0,0.0,0.0,int64,True,binary
wife_edu,4,0.00271554650373,1,2,3,0.1667,0.3333,0.5,0.1982,0.1112,0.5506,-0.0504,int64,True,categorical
husband_edu,4,0.00271554650373,1,2,3,0.1667,0.3333,0.5,0.1866,0.1416,0.5323,0.0,int64,True,categorical
occupation,4,0.00271554650373,0,2,4,0.0,0.3333,0.6667,0.1241,0.1035,0.292,-0.0059,int64,True,categorical
std_living,4,0.00271554650373,0,2,4,0.0,0.3333,0.6667,0.1116,0.1466,0.2105,0.0,int64,True,categorical
method,3,0.0020366598778,0,0,6,0.0,0.0,1.0,0.0397,0.0,0.1351,0.0,int64,True,categorical
age,34,0.0230821452817,1,0,5,0.1667,0.0,0.8333,0.1534,0.1391,0.5475,0.0,int64,False,numerical
num_child,15,0.010183299389,1,0,5,0.1667,0.0,0.8333,0.1367,0.1103,0.5195,0.0,int64,True,numerical
